1	How to Reduce Exposure to Alkylphenols Through Your Diet
2	Is Milk Good for Our Bones?
3	Caloric Restriction vs. Plant-Based Diets
4	Should We Avoid Titanium Dioxide?
5	Do Vegetarians Get Enough Protein?
6	What Do Meat Purge and Cola Have in Common?
7	Treating Asthma With Plants vs. Supplements?
8	Preventing the Common Cold with Probiotics?
9	Who Should be Careful About Curcumin?
10	What is Actually in Chicken Nuggets?
11	Phytates for the Treatment of Cancer
12	How Chemically Contaminated Are We?
13	Is Caffeinated Tea Really Dehydrating?
14	How Citrus Might Help Keep Your Hands Warm
15	Cancer Risk From CT Scan Radiation
16	Alkylphenol Endocrine Disruptors and Allergies
17	How Should I Take Probiotics?
18	Preventing Brain Loss with B Vitamins?
19	Is Milk and Mucus a Myth?
20	Flaxseeds & Breast Cancer Survival: Clinical Evidence
21	Breast Cancer & Alcohol: How Much is Safe?
22	What’s Driving America’s Obesity Problem?
23	To Snack or Not to Snack?
24	How Long to Detox From Fish Before Pregnancy?
25	Is Dragon Fruit Good For You?
26	Aluminum in Vaccines vs. Food
27	Barriers to Heart Disease Prevention
28	Do Cholesterol Statin Drugs Cause Breast Cancer?
29	Stopping Heart Disease in Childhood
30	The Actual Benefit of Diet vs. Drugs
31	Academy of Nutrition and Dietetics Conflicts of Interest
32	Do Fruit & Nut Bars Cause Weight Gain?
33	Dietary Treatment of Crohn's Disease
34	Preventing Ulcerative Colitis with Diet
35	The Answer to the Pritikin Puzzle
36	How Doctors Responded to Being Named a Leading Killer
37	Is Distilled Fish Oil Toxin-Free?
38	Optimal Phytosterol Dose and Source
39	Are Artificial Colors Bad for You?
40	Antioxidant Content of 300 Foods
41	Stool Size and Breast Cancer Risk
42	Boosting Good Bacteria in the Colon Without Probiotics
43	Is vitamin D3 (cholecalciferol) preferable to D2 (ergocalciferol)?
44	More Antibiotics In White Meat or Dark Meat?
45	Are krill oil supplements better than fish oil capsules?
46	Eating Healthy on a Budget
47	Are Multivitamins Good For You?
48	Are Avocados Good for You?
49	What do you think of Dr. Jenkins' take on paleolithic diets?
50	Is apple cider vinegar good for you?
51	what is durable medical equipment consist of
52	does legionella pneumophila cause pneumonia
53	why did the us volunterilay enter ww1
54	how long is life cycle of flea
55	medicare's definition of mechanical ventilation
56	what is the daily life of thai people
57	cost of interior concrete flooring
58	tracheids are part of _____.
59	what is a active margin
60	axon terminals or synaptic knob definition
61	difference between rn and bsn
62	what types of food can you cook sous vide
63	causes of left ventricular hypertrophy
64	what is physical description of spruce
65	types of dysarthria from cerebral palsy
66	what is the most popular food in switzerland
67	what are the social determinants of health
68	how to find the midsegment of a trapezoid
69	what is famvir prescribed for
70	what can contour plowing reduce
71	is cdg airport in main paris
72	what is wifi vs bluetooth
73	who formed the commonwealth of independent states
74	hydrogen is a liquid below what temperature
75	when was the salvation army founded
76	how are some sharks warm blooded
77	what is an aml surveillance analyst
78	difference between a mcdouble and a double cheeseburger
79	what are the three percenters?
80	what is theraderm used for
81	exons definition biology
82	do goldfish grow
83	right pelvic pain causes
84	lps laws definition
85	causes of military suicide
86	definition of a sigmet
87	rsa definition key
88	example of monotonic function
89	definition declaratory judgment
90	anthropological definition of environment
91	who is robert gray
92	Why can't you just have someone invest for you and split the profits (and losses) with him?
93	Why would anyone want to pay off their debts in a way other than “highest interest” first?
94	Why might it be advisable to keep student debt vs. paying it off quickly?
95	Can saving/investing 15% of your income starting age 25, likely make you a millionaire?
96	Is it ever a good idea to close credit cards?
97	15 year mortgage vs 30 year paid off in 15
98	Should you always max out contributions to your 401k?
99	How to rescue my money from negative interest?
100	My friend wants to put my name down for a house he's buying. What risks would I be taking?
101	Pay off car loan entirely or leave $1 until the end of the loan period?
102	Why would you elect to apply a refund to next year's tax bill?
103	Are stories of turning a few thousands into millions by trading stocks real?
104	How does a bank make money on an interest free secured loan?
105	Why can't house prices be out of tune with salaries
106	What's an economic explanation for why greeting cards are so expensive?
107	Why do gas stations charge different amounts in the same local area?
108	What ways are there for us to earn a little extra side money?
109	Paying Off Principal of Home vs. Investing In Mutual Fund
110	Why does short selling require borrowing?
111	To pay off a student loan, should I save up a lump sum payoff payment or pay extra each month?
112	As a 22-year-old, how risky should I be with my 401(k) investments?
113	Pay off credit card debt or earn employer 401(k) match?
114	At what age should I start or stop saving money?
115	How to pay with cash when car shopping?
116	Should I pay more than 20% down on a home?
117	Am I considered in debt if I pay a mortgage?
118	In US, is it a good idea to hire a tax consultant for doing taxes?
119	Should you keep your stocks if you are too late to sell?
120	Is there any instance where less leverage will get you a better return on a rental property?
121	Is it true that 90% of investors lose their money?
122	If the U.S. defaults on its debt, what will happen to my bank money?
123	Is this mortgage advice good, or is it hooey?
124	Will there always be somebody selling/buying in every stock?
125	Why I cannot find a “Pure Cash” option in 401k investments?
126	Why does Charles Schwab have a Mandatory Settlement Period after selling stocks?
127	How can I deposit a check made out to my business into my personal account?
128	Why use accounting software like Quickbooks instead of Excel spreadsheets?
129	Which is better when working as a contractor, 1099 or incorporating?
130	Found an old un-cashed paycheck. How long is it good for? What to do if it's expired?
131	Why are there many small banks and more banks in the U.S.?
132	What to do when a job offer is made but with a salary less than what was asked for?
133	Strategies for putting away money for a child's future (college, etc.)?
134	How can I live outside of the rat race of American life with 300k?
135	Why should one only contribute up to the employer's match in a 401(k)?
136	Why invest in becoming a landlord?
137	Can I trust the Motley Fool?
138	Best way to buy Japanese yen for travel?
139	Does it make any sense to directly contribute to reducing the US national debt?
140	What intrinsic, non-monetary value does gold have as a commodity?
141	Are solar cell panels and wind mills worth the money?
142	Can you help me find articles related to Common Mode EMI Noise Suppression for Bridgeless PFC Converters?
143	Can you suggest articles that are related to "A Direct Search Method to solve Economic Dispatch Problem with Valve-Point Effect"?
144	Could you assist me in locating research articles similar to the one on active-metric learning for the classification of remotely sensed hyperspectral images?
145	Can you provide me with articles that are related to "Underwater Acoustic Target Tracking: A Review"?
146	Could you assist me in locating research articles similar to "Lane Detection (Part I): Mono-Vision Based Method"?
147	Can you recommend some studies that explore the detection of distributed denial of service attacks with machine learning algorithms in software-defined networks?
148	Could you provide me with articles similar to "Social Engineering Attack Framework"?
149	Can you suggest articles that are related to "A Biologically Plausible Learning Rule for Deep Learning in the Brain"?
150	Could you suggest some research articles that focus on churn prediction in the telecom sector, specifically those employing Random Forest and PSO for data balancing and exploring various feature selection strategies?
151	Can you recommend articles that are similar to "Discovering social circles in ego networks"?
152	Could you suggest articles similar to "SemEval-2014 Task 3: Cross-Level Semantic Similarity"?
153	Can you help me find articles related to the design approach to a novel dual-mode wideband circular sector patch antenna?
154	Could you suggest articles similar to "Two privacy-preserving approaches for data publishing with identity reservation"?
155	Can you suggest articles that are related to "An integrated framework on mining logs files for computing system management"?
156	Can you help me find articles related to "DeltaCFS: Boosting Delta Sync for Cloud Storage Services by Learning from NFS"?
157	Could you assist me in locating research articles similar to "Factor-based Compositional Embedding Models"?
158	Can you suggest articles that are similar to "A Dual Attentive Neural Network Framework with Community Metadata for Answer Selection"?
159	Can you help me find articles related to "Algorithmic Nuggets in Content Delivery"?
160	Can you help me find articles related to "Train longer, generalize better: closing the generalization gap in large batch training of neural networks"?
161	Can you suggest articles related to "Generate to Adapt: Aligning Domains Using Generative Adversarial Networks"?
162	Can you suggest articles that are related to "Visualization of complex attacks and state of attacked network"?
163	Could you assist me in locating research articles similar to "A proposal of LDMOS using Deep Trench poly field plate"?
164	Can you help me find articles related to "Bring you to the past: Automatic Generation of Topically Relevant Event Chronicles"?
165	Could you suggest some articles similar to "Agile Team Perceptions of Productivity Factors"?
166	Can you suggest articles related to "Movement segmentation using a primitive library"?
167	Can you find articles related to "Variational Sequential Labelers for Semi-Supervised Learning"?
168	Could you suggest some articles similar to "One-Sided Unsupervised Domain Mapping"?
169	Can you recommend articles that are similar to "Aggregating Content and Network Information to Curate Twitter User Lists"?
170	Can you help me find articles related to "Measuring discrimination in algorithmic decision making"?
171	Could you assist me in locating research articles similar to "An inverse Yarbus process: Predicting observers’ task from eye movement patterns"?
172	Can you suggest articles that are related to the topic of issuing driving licenses to autonomous vehicles?
173	Can you suggest articles that are related to "Evolutionary mining of relaxed dependencies from big data collections"?
174	Could you provide articles similar to "Real World BCI: Cross-Domain Learning and Practical Applications"?
175	Can you help me find articles related to Inverse Reinforcement Learning?
176	Could you provide articles similar to "J-Sim: a simulation and emulation environment for wireless sensor networks"?
177	Can you suggest articles that are related to "Subjectivity and Sentiment Analysis of Modern Standard Arabic"?
178	Could you assist me in locating research articles similar to "Developmental Changes in the Relationship Between Grammar and the Lexicon"?
179	Can you help me find articles related to "Literature Fingerprinting: A New Method for Visual Literary Analysis"?
180	Could you assist me in locating research articles similar to "A New Perspective on Port Supply Chain Management According to the Service Dominant Logic"?
181	Can you recommend studies similar to the one analyzing the anatomy of online social networks, particularly focusing on Facebook and WhatsApp's role in cellular networks?
182	Could you assist me in locating research articles similar to "Stochastic Variational Deep Kernel Learning"?
183	Can you help me find articles related to modeling and indexing events in multimedia?
184	Could you provide articles similar to "3D ActionSLAM: wearable person tracking in multi-floor environments"?
185	Can you suggest articles that are related to "Data Warehouse Life-Cycle and Design"?
186	Could you assist me in locating research articles similar to "Topic-Relevance Map: Visualization for Improving Search Result Comprehension"?
187	Can you help me find articles related to "Bearish-Bullish Sentiment Analysis on Financial Microblogs"?
188	Could you suggest some articles similar to "Unsupervised Diverse Colorization via Generative Adversarial Networks"?
189	Can you find articles similar to "Distributed Privacy-Preserving Collaborative Intrusion Detection Systems for VANETs"?
190	Can you help me find articles related to "Tampering with the Delivery of Blocks and Transactions in Bitcoin"?
191	Could you suggest some research articles similar to the one on permutation invariant training of deep models for speaker-independent multi-talker speech separation?
192	Identify organizations that participate in international criminal activity, the activity, and, if possible, collaborating organizations and the countries involved.
193	Identify instances where a journalist has been put at risk (e.g., killed, arrested or taken hostage) in the performance of his work.
194	What is the state of the economy of Estonia?
195	What are the laws dealing with the quality and processing of food, beverages, or drugs?
196	How many civilian non-combatants have been killed in  the various civil wars in Africa?
197	What language and cultural differences impede the integration  of foreign minorities in Germany?
198	How significant a figure over the years was the late Jordanian King Hussein in furthering peace in the  Middle East?
199	Identify documents discussing international boundary  disputes relevant to the 200-mile special economic  zones or 12-mile territorial waters subsequent to  the passing of the "International Convention on the  Law of the Sea".
200	Identify instances where a civilian policeman has been killed either during performance of his duty or because of other association with this occupation, e.g., killed for the gun, to keep from testifying,  etc.
201	What impact has the Chunnel had on the British economy and/or  the life style of the British?
202	What new inventions or scientific discoveries have been made?
203	What criticisms have been made of World Bank policies,  activities or personnel?
204	Provide examples of successful attempts to attract  tourism as a means to improve a local economy.
205	Identify hydroelectric projects proposed or under construction by country and location.  Detailed description of nature, extent, purpose, problems, and consequences is desirable.
206	Identify and provide background information on Nobel prize winners.
207	Provide information on the use of dogs worldwide for  law enforcement purposes.
208	Compile a list of mammals that are considered to be endangered, identify their habitat and, if possible, specify what threatens them.
209	What specific entities have been accused of illegal  technology transfer such as: selling their products,  formulas, etc. directly or indirectly to foreign  entities for other than peaceful purposes?
210	What modern instances have there been of old fashioned piracy, the boarding or taking control of boats?
211	What are the causes of railway accidents throughout the world?
212	Identify documents that discuss the impact of the cost of research and development (R&D) on the price of drugs.
213	What countries are experiencing an increase in tourism?
214	Give examples of alleged suicides that aroused suspicion of the death actually being murder.
215	What research is ongoing for new fuel sources.
216	What counterfeiting of money is being done in modern times?
217	Where are tourists likely to be subjected to acts of violence causing bodily harm or death?
218	Define Argentine and British international relations
219	What bias exists in the media of countries other than the U.S.?
220	The spotted owl episode in America highlighted U.S. efforts to prevent the extinction of wildlife species.  What is not well known is the effort of other countries to prevent the demise of species native to their countries.  What other  countries have begun efforts to prevent such declines?
221	What incidents have there been of stolen or forged art?
222	What are the benefits, if any, of drug legalization?
223	Identify drugs used in the treatment of mental illness.
224	Identify documents that discuss the  European Conventional Arms Cut as it relates to the dismantling of Europe's arsenal.
225	How often were the peace talks in Ireland delayed or disrupted as a result of acts of violence?
226	What is known about drug trafficking in the "Golden Triangle", the area where Burma, Thailand and Laos meet?
227	Find documents that discuss issues associated with so-called  "orphan drugs", that is, drugs that treat diseases affecting  relatively few people.
228	What are the latest developments in robotic technology?
229	What measures are being taken by local South American authorities to preserve the Amazon tropical rain forest?
230	This query is looking for investigations that have  targeted evaders of U.S. income tax.
231	What security measures are in effect or are proposed to go into effect in airports?
232	Identify systematic explorations and scientific investigations of Antarctica, current or planned.
233	What are the arguments for and against an increase in gasoline taxes in the U.S.?
234	What tropical storms (hurricanes and typhoons) have caused significant property damage and loss of life?
235	Do any countries other than the U.S. and China have a declining birth rate?
236	What measures have been taken worldwide and what  countries have been effective in curbing population growth?
237	In what ways have quilts been used to generate income?
238	Aside from the United States, which country offers  the best living conditions and quality of life for  a U.S. retiree?
239	How are young children being protected against lead poisoning from paint and water pipes?
240	There has long been a call for standards in U.S. education, these calls frequently citing the superiority of foreign  school systems.  Are there many countries outside the U.S. which have standards for pre-teen students?  If so, which are those countries and what standards have been set?
241	What are the applications of robotics in the world today?
242	Is "The Thin Red Line" (1998 film) solely focused on depicting frogs?
243	Is there a cat starring in Stomp the Yard?
244	Is it true that Deepika Padukone has appeared in at least four Indian films?
245	Is the SpongeBob SquarePants Movie starring a cat?
246	Did Louis Malle exclusively produce films in German?
247	Did Woodrow Wilson live during any part of the 20th century?
248	Who stars in Trouble with the Curve?
249	Was one of the co-executive producers of Buffy the Vampire Slayer Korean?
250	Is there a performance by an American actor born in the 1960s in The Thin Red Line (1998 film)?
251	Is Guns N' Roses an American hard rock band?
252	Is Aphrodite a figure in mythology?
253	Is SZA's music a blend of different genres?
254	Does John Goodman work as an actor?
255	Was Woodrow Wilson alive during World War I?
256	Does the Temple Mount have a connection to any of the Abrahamic religions?
257	Is there any proof that Chris Benoit had a career in professional wrestling?
258	Did "One Flew Over the Cuckoo's Nest" actually come out in 1930?
259	Is it true that "The Thin Red Line" (1998 film) exclusively features performances by Catalonian actors?
260	Does SpongeBob SquarePants qualify as a series?
261	Is there historical evidence of the Vandals migrating across Europe?
262	Has Robert Zemeckis ever made any movies?
263	Did Benjamin Franklin actually get born in 1790?
264	Was Charles de Gaulle considered a leader?
265	Does a video game named Team Fortress 2 exist?
266	Has Deepika Padukone really only appeared in a single Indian film?
267	Is Raja Hindustani a tower located in France?
268	Has Linkin Park really released only one album?
269	Has Dulquer Salmaan ever stated that he will not act in Malayalam-language films again?
270	Does the Premier League Asia Trophy relate to golf?
271	Is Estonia located in Eastern Africa?
272	Does Daenerys Targaryen appear in any of J.R.R. Tolkien's series?
273	Is Temple Mount related to any Abrahamic religion?
274	Is Guns N' Roses classified as a hard rock band?
275	Is there any proof that the paper stars a horse?
276	Was John DiMaggio involved in several Cartoon Network shows?
277	Is Aphrodite featured in Greek mythology?
278	Does Mandy Moore have a career in music?
279	Is Ares considered a religious figure in Greek mythology?
280	Does Team Fortress 2 exist as a movie?
281	Is Harry Fraud known for producing hip hop?
282	Did Daenerys Targaryen actually exist?
283	Is Estonia a country?
284	Was Catherine Keener in a movie?
285	Is A.J. Styles actually a professional wrestler?
286	Does SZA's music incorporate elements from various genres?
287	Is it true that The Times functions as a newspaper?
288	Has John DiMaggio ever declined to participate in Cartoon Network shows?
289	Have authors from different countries immortalized Emperor Norton in their works?
290	Is it true that Catherine Hardwicke has refused to ever direct films?
291	Does Uganda exist in outer space?
292	What are some counter-arguments to the claim that becoming a vegetarian is environmentally friendly due to the negative impacts of meat production on pollution, deforestation, biodiversity, and resource consumption?
293	What are the opposing viewpoints to the argument that killing animals for consumption is unethical when it's not necessary for human survival?
294	What are the counterpoints to the assertion that a vegetarian diet, characterized by its high fiber, vitamin, and mineral content and low fat levels, significantly contributes to improved health outcomes and a decreased risk of various diseases, including certain cancers and heart disease?
295	Can you provide arguments against the idea that adopting a vegetarian diet lowers the likelihood of contracting food poisoning, considering the assertion that the majority of severe food poisoning cases are linked to the consumption of meat and eggs?
296	What are the counterpoints to the assertion that vegetarian or vegan diets frequently cause iron deficiency, potentially leading to decreased health and lower productivity levels?
297	What are some counter-arguments to the claim that humans have a natural right over lower species because our success in the struggle for existence, as outlined by the concept of survival of the fittest, justifies farming, killing, and eating other species?
298	What are the arguments against the notion that humans are naturally meant to eat meat, given our evolutionary adaptations and historical practices of consuming both animal and plant-based foods?
299	What are the opposing viewpoints to the assertion that banning animal research is necessary to protect millions of animals from death and harm?
300	What are the arguments against the viewpoint that permitting animal testing through legislation such as the UK's Animals (Scientific Procedures) Act 1986 contradicts the government's commitment to preventing animal cruelty?
301	What are some counter-arguments to the claim that animals should not be harmed based on their physiological and behavioral similarities to humans?
302	What are the arguments against the notion that advancements in technology and the use of human tissue samples have made animal testing obsolete?
303	What are the arguments against the idea that animals generally experience greater suffering than individuals in conditions like persistent vegetative states or with severe intellectual disabilities?
304	What are some counter-arguments to the claim that not conducting animal testing will result in more people suffering and dying due to fewer drugs being developed?
305	Can you provide counterpoints to the assertion that there is no moral issue with animal research provided the animals are well cared for?
306	What are the arguments against the notion that animal research is only conducted when absolutely necessary, especially considering the existence of laws in the EU and the US that prevent animal testing if alternatives are available and the adherence to the 3Rs principles to improve research methods and reduce animal suffering?
307	What are the opposing viewpoints to the assertion that animal testing is essential for assessing the safety and effectiveness of entirely new pharmaceuticals prior to human testing?
308	Can you provide counterpoints to the assertion that animals are not entitled to human rights due to their lack of certain human characteristics like significant brain size, social grouping, communication abilities, self-awareness, and comprehension of death, which are deemed necessary for moral consideration?
309	What are some counter-arguments to the claim that a stronger, militarised approach is necessary to combat the advanced methods used by poachers, such as high-calibre rifles, night vision scopes, silencers, and helicopters?
310	What are some arguments against the notion that the justice system fails to adequately prosecute poachers, especially considering the claim that prosecutions are infrequent and poachers feel they can act with impunity?
311	What are the opposing viewpoints to the idea that enhancing animal protection measures, including the use of barriers to restrict human access, is essential for preventing the destruction of natural habitats by local populations?
312	What are some counter-arguments to the claim that endangered animals should receive tougher protection in Africa due to their cultural significance and identity linkage?
313	What arguments exist against the idea that enhancing the protection of endangered animals could decrease the funding of terrorist organizations that profit from the illegal trade of ivory and horns?
314	What are the opposing viewpoints to the idea that fewer large, aggressive animals in Africa would lead to a decrease in human deaths?
315	What arguments exist against the notion that increasing the severity of penalties for poaching won't effectively discourage poachers, given that these approaches overlook the underlying reasons people engage in illegal hunting?
316	What are some counter-arguments to the claim that legalizing the trade of horns, ivory, furs, and pelts would be more effective in preventing the extinction of endangered animals by making it less profitable to hunt them?
317	What arguments exist against the notion that African countries, given their economic challenges and pressing social issues, cannot afford to allocate significant resources towards the protection of endangered species?
318	What are the criticisms or opposing viewpoints regarding the safety of underground nuclear waste storage?
319	What are some counter-arguments to the claim that underground nuclear storage is a necessary method for disposing of nuclear waste?
320	What are the arguments against the notion that storing nuclear waste above ground, along with extensive reprocessing and recycling, is preferable to underground storage?
321	What are the opposing viewpoints to the idea of repurposing nuclear waste for electricity generation using Integral Fast Reactors?
322	What are some counter-arguments to the claim that underground nuclear storage is expensive due to the high costs of constructing and maintaining deep geological repositories?
323	What are the counterarguments to the idea that the economic expansion and environmental policies of developing countries, notably China and India, are the primary causes of the substantial increase in global greenhouse gas emissions, and that their ongoing development will undermine the emissions reduction efforts of developed nations?
324	What arguments exist against the necessity of limiting atmospheric greenhouse gas concentrations to 450 parts per million to prevent a global temperature increase exceeding 2-2.4 degrees Celsius?
325	What are some counter-arguments to the claim that there is no reason to be optimistic about reaching a meaningful global emissions reduction treaty?
326	What arguments exist against the notion that rising levels of greenhouse gases in the atmosphere result in severe outcomes, including the melting of ice masses, the acidification of oceans, and an increase in extreme weather phenomena?
327	What are the arguments against the idea that the rise in carbon dioxide levels could benefit plant growth, potentially offsetting other negative impacts of climate change and safeguarding species at risk, thereby indicating that predictions of humanity's demise are premature?
328	What are some opposing viewpoints to the idea that technological innovation will be sufficient to overcome the challenges posed by climate change?
329	What are the criticisms or opposing viewpoints to the effectiveness of the EU ETS as a viable carbon market in achieving emission reductions through market mechanisms and national caps?
330	What are some counter-arguments to the claim that the Grand Inga dam would be an immense boost to the DRC's economy by attracting significant investment, employing thousands, boosting local suppliers, and providing cheap electricity to make industry more competitive and power homes?
331	What are some counter-arguments to the claim that the Grand Inga dam will provide more than half of the continent with renewable energy at a low price, thereby significantly reducing the electricity gap in Sub-Saharan Africa?
332	What are the arguments against the belief that the Grand Inga project will positively impact the entire Democratic Republic of Congo by offering low-cost electricity, stimulating the economy, and generating substantial export income?
333	Can you provide counterpoints to the idea that constructing dams along with canals and locks in the Congo River would enhance its navigability for international trade, thus fostering central Africa's economic integration with the global market and increasing investment attractiveness?
334	What are some counter-arguments to the claim that building a dam would damage the environment by lowering the oxygen content of the river, leading to a loss of species and affecting the delta's role in transmitting sediment and organic matter into the ocean?
335	What arguments exist against the viewpoint that the Grand Inga's exorbitant cost, exceeding twice the country's GDP, renders it an unfeasible project?
336	What are the opposing viewpoints to the idea that building dams, like the Grand Inga, results in community displacement?
337	What are some counter-arguments to the claim that the Grand Inga dam project is beyond the Democratic Republic of Congo's capacity to manage effectively due to its size, corruption issues, and maintenance challenges?
338	What are the arguments against the idea that giving priority for organ transplants to donors could lead to a substantial rise in donor registrations and save numerous lives?
339	What are the counterpoints to the idea that organ transplants should be allocated first to individuals who are registered donors, with non-donors receiving organs only after all donor needs have been fulfilled?
340	What are the opposing viewpoints to the idea that organ donors should be given priority in receiving organ transplants?
341	What are the arguments against the notion that governments should mandate organ donation, given it significantly benefits recipients with minimal detriment to donors?
342	Is there evidence that 0-dimensional biomaterials have inductive properties?
343	Is it true that the 1,000 Genomes Project facilitates the identification of genetic sequence variations, where rare variants exhibit greater penetrance effects compared to common variants?
344	Does research confirm or deny the claim that 1 out of every 2000 individuals in the UK tests positive for abnormal PrP?
345	Is there evidence to support or refute the claim that 5% of perinatal mortality is due to low birth weight?
346	Does a deficiency of vitamin B12 increase blood levels of homocysteine?
347	Does a high microerythrocyte count increase the risk of severe anemia in individuals with homozygous alpha (+)-thalassemia trait?
348	Is there any proof that 1,000 people in the UK are asymptomatic carriers of vCJD infection?
349	Does ADAR1 bind to Dicer to cleave pre-miRNA?
350	Is AIRE expressed in some skin tumors?
351	Is ALDH1 expression linked to improved outcomes in breast cancer patients?
352	Is ALDH1 expression linked to a poorer prognosis in breast cancer?
353	Does AMP-activated protein kinase (AMPK) activation lead to an increase in inflammation-related fibrosis in the lungs?
354	Does APOE4 expression in iPSC-derived neurons lead to increased AlphaBeta production and tau phosphorylation, resulting in GABA neuron degeneration?
355	Does APOE4 expression in iPSC-derived neurons lead to increased AlphaBeta production and tau phosphorylation, thereby delaying GABA neuron degeneration?
356	Is there a link between PPM1D activation and the suppression of p53 function?
357	Does research support or contradict the idea that Admpchordin provides activator-inhibitor pairs dorsally?
358	Is there scientific evidence to confirm that the structure of active H. pylori urease includes the two subunits UreA and UreB?
359	Is there any evidence that Albendazole is effective in treating lymphatic filariasis?
360	Does alizarin interact with residues involved in PGAM1 substrate binding through hydrogen bonding?
361	Is it true that hematopoietic stem cells always segregate their chromosomes in a random manner?
362	Do angiotensin converting enzyme inhibitors contribute to a greater risk of functional renal insufficiency?
363	Can anthrax spores be easily eliminated once they have been dispersed?
364	Does antibiotic-induced alterations in the gut microbiome reduce resistance against Clostridium difficile?
365	Does antiretroviral therapy lead to lower tuberculosis rates in people with different CD4 counts?
366	Does Arginine 90 in p150n play a crucial role in its interaction with EB1?
367	Is it true that arterioles have a larger lumen diameter than venules?
368	Are open access articles cited less frequently than articles in traditional journals?
369	Is there any research showing whether articles published in open access format are more likely to be cited than those in traditional journals?
370	Does aspirin have an impact on the production of PGE2?
371	Is there research supporting the idea that invadopodia formation is initiated by the localized production of phosphatidylinositol-3,4-biphosphate and activation of the Src nonreceptor tyrosine kinase?
372	Is there any research that supports or refutes the claim that auditory entrainment is strengthened by congruent visual and auditory information?
373	Does having a higher birth weight correlate with a greater likelihood of developing breast cancer?
374	Does chronic aerobic exercise change endothelial function and improve vasodilating mechanisms mediated by nitric oxide?
375	Does the combination of phosphatidylinositide 3-kinase and MEK 1/2 inhibitors effectively treat KRAS mutant tumors?
376	Does research support the claim that diabetic patients with acute coronary syndrome are at a higher risk for bleeding events over short and long periods?
377	Do epigenetic modulating agents modulate antitumor immune response in a cancer model system?
378	Is gene expression similar in all genetically identical cells?
379	Is there any research that supports or refutes the claim that hypothalamic glutamate neurotransmission is crucial to energy balance?
380	Is there a decrease in the incidence rates of cervical cancer?
381	Does increased vessel density along with a reduction in fibrosis decrease the efficacy of chemotherapy treatments?
382	Can cognitive behavioral therapy successfully treat insomnia?
383	Is there evidence to show whether Ly6C hi monocytes have a lower inflammatory capacity than Ly6C lo monocytes?
384	Is obesity determined solely by environmental factors?
385	Is there an effect on lamelliopodia formation when pretreated with the Arp2/3 inhibitor CK-666?
386	Is HPV detection more effective than conventional cytology in the long-term detection of cervical intraepithelial neoplasia grade 2 in primary cervical cancer screenings?
387	Is there a link between reduced responsiveness to interleukin-2 in regulatory T cells and greater resistance to autoimmune diseases like Type 1 Diabetes?
388	Is there a link between the substitution of histone H2A with H2A.Z and the slowing of gene activation in yeasts due to the stabilization of +1 nucleosomes?
389	Is there scientific support for the claim that TCR/CD3 microdomains are essential for the formation of the immunologic synapse and the activation of T cells?
390	Is there evidence that the tip of the inner tube of the toxic type VI secretion system (T6SS) in Escherichia coli carries toxic effector proteins?
391	Does having a higher birth weight increase a woman's risk of developing breast cancer later in life?
392	what is the origin of COVID-19
393	how does the coronavirus respond to changes in the weather
394	will SARS-CoV2 infected people develop immunity? Is cross protection possible?
395	what causes death from Covid-19?
396	what drugs have been active against SARS-CoV or SARS-CoV-2 in animal studies?
397	what types of rapid testing for Covid-19 have been developed?
398	are there serological tests that detect antibodies to coronavirus?
399	how has lack of testing availability led to underreporting of true incidence of Covid-19?
400	how has COVID-19 affected Canada
401	has social distancing had an impact on slowing the spread of COVID-19?
402	what are the guidelines for triaging patients infected with coronavirus?
403	what are best practices in hospitals and at home in maintaining quarantine?
404	what are the transmission routes of coronavirus?
405	what evidence is there related to COVID-19 super spreaders
406	how long can the coronavirus live outside the body
407	how long does coronavirus remain stable  on surfaces?
408	are there any clinical trials available for the coronavirus
409	what are the best masks for preventing infection by Covid-19?
410	what type of hand sanitizer is needed to destroy Covid-19?
411	are patients taking Angiotensin-converting enzyme inhibitors (ACE) at increased risk for COVID-19?
412	what are the mortality rates overall and in specific populations
413	are cardiac complications likely in patients with COVID-19?
414	what kinds of complications related to COVID-19 are associated with hypertension?
415	what kinds of complications related to COVID-19 are associated with diabetes
416	which biomarkers predict the severe clinical course of 2019-nCOV infection?
417	what are the initial symptoms of Covid-19?
418	what is known about those infected with Covid-19 but are asymptomatic?
419	what evidence is there for the value of hydroxychloroquine in treating Covid-19?
420	which SARS-CoV-2 proteins-human proteins interactions indicate potential for drug targets. Are there approved drugs that can be repurposed based on this information?
421	is remdesivir an effective treatment for COVID-19
422	How does the coronavirus differ from seasonal flu?
423	Does SARS-CoV-2 have any subtypes, and if so what are they?
424	What vaccine candidates are being tested for Covid-19?
425	What are the longer-term complications of those who recover from COVID-19?
426	What new public datasets are available related to COVID-19?
427	What is the protein structure of the SARS-CoV-2 spike?
428	What is the result of phylogenetic analysis of SARS-CoV-2 genome sequence?
429	What is the mechanism of inflammatory response and pathogenesis of COVID-19 cases?
430	What is the mechanism of cytokine storm syndrome on the COVID-19?
431	What are the observed mutations in the SARS-CoV-2 genome and how often do the mutations occur?
432	What are the impacts of COVID-19 among African-Americans that differ from the rest of the U.S. population?
433	Does Vitamin D impact COVID-19 prevention and treatment?
434	How has the COVID-19 pandemic impacted violence in society, including violent crimes?
435	How much impact do masks have on preventing the spread of the COVID-19?
436	How has the COVID-19 pandemic impacted mental health?
437	what evidence is there for dexamethasone as a treatment for COVID-19?
438	what are the health outcomes for children who contract COVID-19?
439	what are the benefits and risks of re-opening schools in the midst of the COVID-19 pandemic?
440	do individuals who recover from COVID-19 show sufficient immune response, including antibody levels and T-cell mediated immunity, to prevent re-infection?
441	what is known about an mRNA vaccine for the SARS-CoV-2 virus?
442	Has NOAA manipulated historical temperature data to make past temperatures seem colder and recent temperatures warmer?
443	Is 'global warming' truly a myth as suggested by 80 graphs from 58 peer-reviewed scientific papers published in 2017?
444	Is it true that the land area utilized for meat production, the largest category of land use by humans, has seen a reduction nearly equivalent to the size of Alaska?
445	Is reef material, which is calcium carbonate, comprised of 44 percent carbon dioxide?
446	Do reefs actually use carbon dioxide as their fundamental food source?
447	Is there any truth to the claim that each of the six major past ice ages began when the atmospheric carbon dioxide content was far higher than it is today?
448	Did the IPCC's 5th assessment report in 2013 attribute over half of the observed increase in global average temperature from 1951 to 2010 to human emissions?
449	Does measuring equipment typically require recalibration when it gets old and needs replacement?
450	Is there any systematic increase in the frequency of extreme weather events?
451	What impact does using drifting buoys and ship intake temperatures instead of satellite data have on calculating ocean surface temperature?
452	Has there been a decrease in flood damage as a percentage of GDP from around 0.2% in 1940 to less than 0.05% in recent years?
453	Is there a correlation between rising carbon dioxide levels and local temperatures according to actual weather records over the past 100 years?
454	Can we find support or contradiction for the prediction that by 2040, there will be severe food shortages, increased wildfires, and a significant die-off of coral reefs?
455	Is it true that nature emits twenty times more carbon dioxide into the atmosphere daily than all of Earth's industries combined?
456	Is there any proof that global warming is not dangerous and that climate models are incorrect?
457	Is there any research that supports or contradicts the notion that the carbon dioxide cycle, despite its smaller size, is influencing the water cycle?
458	Is the ice at the South Pole, which accounts for 90% of Earth's ice, thickening?
459	Is there any recent data showing whether sea ice in the Arctic and Antarctic is continuing to decline?
460	Did a NASA scientist really determine that experiencing a 9-year hurricane drought is as rare as a 1-in-177-year event?
461	Is there evidence to support the claim that concerns about the polar vortex eroding were raised by a heatwave during the sunless winter?
462	Is it true that climate projections assume the Earth is not dynamic?
463	Do wind or solar industrial complexes emit more carbon dioxide in their creation and maintenance than they save over their lifetime?
464	Is there any research indicating that a cascade of climate events could transition Earth into a 'hothouse' state?
465	Is there evidence to support or refute the claim that scientists no longer make a clear distinction between weather and climate?
466	Has there been an increase in the frequency and extremity of the heaviest precipitation events?
467	Is it true that the low temperatures in April are now 6 degrees Fahrenheit warmer than in previous years?
468	Is climate change reducing biodiversity in alpine meadows?
469	Do scientists believe that the magnitude of recent heatwaves suggests global warming is responsible?
470	Is there evidence to support or refute that the Equilibrium Climate Sensitivity (ECS) is likely between 2 and 4.5 degrees, with a possible range as low as 1.5 and as high as 9 degrees?
471	Does long-term warming affect the reliability of snowmelt runoff during wet periods?
472	Is there any truth to Dr. Gutzler's statement that warmer spring temperatures cause more snow to sublimate?
473	Is reducing meat consumption more effective in reducing one's carbon footprint than downsizing a car, being vigilant about turning off light bulbs, or quitting showering?
474	Is it true that cows can convert beans into meat which is then consumed by humans?
475	Is it true that cows emit a significant amount of greenhouse gases and consume more calories in beans than the meat they produce, leading to more deforestation for cattle feed compared to directly consuming the beans?
476	Is there a connection between the timing of volcanic eruptions and their impact on climate trends?
477	Is there any support for the claim that if the same eruptions had occurred near the more recent end of the dataset, they could have led to a long-term cooling trend?
478	Was the continent's ice in relative balance before human burning of fossil fuels triggered global warming?
479	Is there historical evidence that warmer periods and higher levels of atmospheric carbon dioxide have led to increased biodiversity, while colder periods have resulted in declines?
480	Is there any scientific basis to the claim that signatories of the Paris Accord cannot alter Earth's orbit and the sun's radiation, which drive climate change?
481	Do some plants, such as algae that use carbon for photosynthesis, actually benefit from it?
482	Is the comparatively cold zone within the Northern Atlantic caused by a slowdown of the global ocean water circulation?
483	Is there evidence to support or refute the claim that the most notorious extinction event, which occurred 252 million years ago and resulted in 97 percent of all life on Earth dying, was initiated by a five-degree increase in global temperatures due to carbon, further accelerated by the release of methane in the Arctic?
484	Is it true that places currently supplying much of the world's food will no longer be reliable sources?
485	Is there evidence to support or refute the findings of the peer-reviewed study by two scientists and a veteran statistician regarding global average temperature datasets?
486	Is it true that increasing CO2 levels to three times the natural environment in greenhouses results in stronger, greener, and healthier plants?
487	Is the rising level of carbon dioxide in the earth's atmosphere currently net beneficial for both humanity and the biosphere generally?
488	Is the Alaskan tundra warming so quickly that it has become a net emitter of carbon dioxide ahead of schedule, according to recent studies?
489	Is it true that Arctic land stores about twice as much carbon as the atmosphere?
490	Have the extreme cycles of dry and wet weather been intensifying over the last three decades?
491	Is there evidence to support or refute Jeffrey Mount's statement that dry periods are becoming drier and wet periods are becoming wetter?
492	Were Scott Derrickson and Ed Wood of the same nationality?
493	What government position was held by the woman who portrayed Corliss Archer in the film Kiss and Tell?
494	What science fantasy young adult series, told in first person, has a set of companion books narrating the stories of enslaved worlds and alien species?
495	Are the Laleli Mosque and Esma Sultan Mansion located in the same neighborhood?
496	2014 S/S is the debut album of a South Korean boy group that was formed by who?
497	Who was known by his stage name Aladin and helped organizations improve their performance as a consultant?
498	The arena where the Lewiston Maineiacs played their home games can seat how many people?
499	Who is older, Annie Morton or Terry Richardson?
500	What is the name of the fight song of the university whose main campus is in Lawrence, Kansas and whose branch campuses are in the Kansas City metropolitan area?
501	What screenwriter with credits for "Evolution" co-wrote a film starring Nicolas Cage and Téa Leoni?
502	What year did Guns N Roses perform a promo for a movie starring Arnold Schwarzenegger as a former New York Police detective?
503	Are Random House Tower and 888 7th Avenue both used for real estate?
504	The football manager who recruited David Beckham managed Manchester United during what timeframe?
505	Brown State Fishing Lake is in a country that has a population of how many inhabitants ?
506	The Vermont Catamounts men's soccer team currently competes in a conference that was formerly known as what from 1988 to 1996?
507	Are Giuseppe Verdi and Ambroise Thomas both Opera composers ?
508	Roger O. Egeberg was Assistant Secretary for Health and Scientific Affairs during the administration of a president that served during what years?
509	Which writer was from England, Henry Roth or Robert Erskine Childers?
510	Which other Mexican Formula One race car driver has held the podium besides the Force India driver born in 1990?
511	This singer of A Rather Blustery Day also voiced what hedgehog?
512	Aside from the Apple Remote, what other device can control the program Apple Remote was originally designed to interact with?
513	Which performance act has a higher instrument to person ratio, Badly Drawn Boy or Wolf Alice?
514	What was the father of Kasper Schmeichel voted to be by the IFFHS in 1992?
515	The 2011–12 VCU Rams men's basketball team, led by third year head coach Shaka Smart, represented Virginia Commonwealth University which was founded in what year?
516	Are both Dictyosperma, and Huernia described as a genus?
517	What is the name for the adventure in "Tunnels and Trolls", a game designed by Ken St. Andre?
518	When was Poison's album "Shut Up, Make Love" released?
519	Hayden is a singer-songwriter from Canada, but where does Buck-Tick hail from?
520	Which  French ace pilot and adventurer fly L'Oiseau Blanc
521	Are Freakonomics and In the Realm of the Hackers both American documentaries?
522	Which band, Letters to Cleo or Screaming Trees, had more members?
523	Alexander Kerensky was defeated and destroyed by the Bolsheviks in the course of a civil war that ended when ?
524	Seven Brief Lessons on Physics was written by an Italian physicist that has worked in France since what year?
525	The Livesey Hal War Memorial commemorates the fallen of which war, that had over 60 million casualties?
526	Are both Elko Regional Airport and Gerald R. Ford International Airport located in Michigan?
527	Ralph Hefferline was a psychology professor at a university that is located in what city?
528	Which dog's ancestors include Gordon and Irish Setters: the Manchester Terrier or the Scotch Collie?
529	Where is the company that Sachin Warrier worked for as a software engineer headquartered?
530	A Japanese manga series based on a 16 year old high school student Ichitaka Seto, is written and illustrated by someone born in what year?
531	The battle in which Giuseppe Arimondi lost his life secured what for Ethiopia?
532	Alfred Balk served as the secretary of the Committee on the Employment of Minority Groups in the News Media under which United States Vice President?
533	A medieval fortress in Dirleton, East Lothian, Scotland borders on the south side of what coastal area?
534	Who is the writer of this song that was inspired by words on a tombstone and was the first track on the box set Back to Mono?
535	What type of forum did a former Soviet statesman initiate?
536	Are Ferocactus and Silene both types of plant?
537	Which British first-generation jet-powered medium bomber was used in the South West Pacific theatre of World War II?
538	Which year and which conference was the 14th season for this conference as part of the NCAA Division that the Colorado Buffaloes played in with a record of 2-6 in conference play?
539	What race track in the midwest hosts a 500 mile race eavery May?
540	Ellie Goulding worked with what other writers on her third studio album, Delirium?
541	Which Australian city founded in 1838 contains a boarding school opened by a Prime Minister of Australia and named after a school in London of the same name.
542	Can you find news articles about the seven transgender women killed this year and the Democrats' request for Jeff Sessions to investigate?
543	Could you find the latest news stories about children who have been victims of gun-related homicides since the Sandy Hook incident?
544	What's the latest news about scientists discovering a frog species tiny enough to sit on a fingernail?
545	What are some tips for staying calm while flipping a house?
546	Has Trump raised concerns about the constitutionality of a major funding source for historically black colleges?
547	Can you provide news updates on Chipotle's introduction of a new burger concept and its reception by competitors?
548	Can you find any recent news on the apparent murder-suicide involving a death-with-dignity advocate and his ailing wife?
549	What strategies do couples use to coexist peacefully in tiny homes?
550	What's the current status of MERS in South Korea for tourists?
551	Can you find me news articles that show Seattle's higher minimum wage is working well?
552	What's the current situation with the new cholera outbreak in Haiti?
553	What does the study say about the likelihood of dying from air pollution in India compared to China?
554	Can you provide me with the latest news on the Islamic State attack on army recruits in Yemen that killed 54?
555	What's the recent news about China's fishermen engaging in a covert war in the South China Sea?
556	Why do websites that facilitate child prostitution have immunity from prosecution?
557	What recent news is there about the Education Department being criticized for its oversight of charter schools by its own watchdog office?
558	Can you provide me with recent news on how unexpected industries are contributing to future medical breakthroughs?
559	Why is it that solar-powered planes are not yet capable of carrying passengers?
560	What are the most popular aging-in-place options for baby boomers?
561	Can you provide updates on the D.C. crime lab beginning DNA testing again on a limited scale following a shutdown that led to doubts about its analysis?
562	Can you update me on the recent allegations involving $900 million in fake medical bills, kickbacks, and health care fraud by the federal government?
563	Can you find any recent news about the sun eruption marking another Bastille Day and the possibility of seeing aurora in New England Sunday night?
564	Is there any news on a case where a woman's persistent coughing was thought to be caused by fragrances?
565	Can you update me on the recent news regarding the significant drop in teen birthrates, with a focus on the 50 percent reduction among Hispanics and blacks?
566	What's the latest news on Mexicans mourning a well-known journalist as risks to reporters skyrocket?
567	Is there any news on nursing home employees sharing abusive images of the elderly on social media?
568	Can you tell me about the unique approach a start-up used to raise $153 million in just three hours?
569	What is the latest news on the Disneyland measles outbreak in California's anti-vaccination areas?
570	Can you provide me with recent news on the attorney general's statement regarding the need for cities to address illegal immigration to combat violent crime?
571	How do I create an effective trap for stink bugs in the spring?
572	What are the latest news updates on the overall health of Chesapeake Bay and the thriving populations of blue crabs, rockfish, and anchovies?
573	Could you provide information on the latest show that delves into America's obsession with plants?
574	Can you find news stories discussing the impact of the FDA's new e-cigarette regulations on Big Tobacco and public health?
575	Can you find any recent news about an NFL official admitting a link between football and CTE?
576	Can you provide recent news about the Social Security trust fund running out in less than 20 years?
577	Is there news about a drone colliding with a British Airways aircraft?
578	What are the latest news articles about new attitudes toward adoption from foster care offering hope?
579	Can you provide the most recent news about the Anacostia River getting failing grades from an environmental group?
580	What's the latest news on how lottery sales and casino revenue have generated a billion dollars for Maryland?
581	Can you find me the latest news on neighborhood bank branches closing down?
582	What are the latest updates on cruise ship safety improvements according to the GAO?
583	Could you provide the latest news on whether the Maryland redistricting case is on hold while the Supreme Court reviews the Wisconsin case?
584	What are the 5 mistakes Americans are making with their money?
585	Is there any news on the relationship between combat duty and veteran violence, specifically involving Sarah Palin's son?
586	Can you find news pieces that argue against the effectiveness of banning AR-15s and other assault weapons in stopping mass shootings?
587	Can you find any recent news on how Trump's border wall might affect wildlife refuges and potentially isolate parts of Texas?
588	Is there any current news on the belief among conservatives that vaccines lead to autism?
589	Can you provide the latest news on how minor league baseball players are managing to pursue their dreams despite living below the poverty line?
590	What are the latest updates on the House panel investigating drug distributors and the DEA in relation to the national opioid crisis?
591	Why are drone swarms expected to be emphasized in the upcoming Pentagon budget?
592	what type of reproduction do whiptail lizards use
593	what is it called when you believe in greek gods
594	when did the first train run in england
595	when did they start vaccinating for whooping cough
596	do all private schools have uniforms in america
597	when was the seat moved to the capitol
598	where did the ashes from ash wednesday originate
599	what was the immediate catalyst to the civil war
600	who won the battle of britain in ww2
601	when did the us dollar leave the gold standard
602	what is the main difference between lymph and interstitial fluid
603	is isle of man part of united kingdom
604	what is the meaning of lord shiva lingam
605	what color is the golden gate bridge in san francisco
606	when do you pray the chaplet of divine mercy
607	what is the term of an official in the house of representatives
608	what is the movie about six degrees of separation
609	when did the three little pigs come out
610	who was allowed to vote in the roman republic
611	who was running as vice president in 1984
612	who does april end up with on parks and rec
613	when did las vegas become a gambling town
614	the first permanent european settlement on future united states soil was located where
615	is merrill lynch the same as merrill edge
616	who is the actor that plays the good doctor on tv
617	an influential religion to enter china along the silk route during the han dynasty was
618	when did lionel messi play his first game for barcelona
619	who enforces the charter of rights and freedoms
620	who validated the civil rights movement by proclaiming we shall overcome
621	what was the population of the roman empire at its height
622	when was penicillin first introduced to the public
623	when was fingerprinting first used by the police
624	where do the blood vessels that supply the retinal cells lie
625	where do they get the hair for a hair transplant
626	did anyone die from ebola in the us
627	what type of car is a jeep considered
628	where can you find dna in the body
629	where does the formation of atp take place
630	what was the purpose of a revival meeting during the second great awakening
631	when was catch me if you can made
632	can you use the wii u pro controller on the wii
633	who wants a heart in the wizard of oz
634	when was the worlds first laptop computer introduced in the market and by whom
635	who sings will you still love me when i'm not young and beautiful
636	how long have we been celebrating pi day
637	what was the first form of manga in japan
638	who wrote the original little red riding hood story
639	who wins the final battle in once upon a time
640	when did the us cut off trade with cuba
641	who are you in assassin's creed 4
642	Could you show me tweets related to the Tokyo, Japan film festival's emphasis on homegrown movies?
643	Can you find tweets discussing the celebration of "Night of Heritage Light" by Amerlux, SLL, and CIBSE across the UK on October 1st?
644	Can you find tweets related to Nikola Matawalu warning Stuart Lancaster about the Fiji threat?
645	Could you search for tweets related to the decrease of 9.3 percent in South Korean Argo shipments in August?
646	Can you find tweets related to the Party MP calling BJP ‘Baura Jayewala Party’?
647	Could you show me tweets discussing Revilla's request for 34 defense witnesses?
648	Can you find tweets discussing the Rugby-England vs Ireland match where England won 21-13 in their last warm-up?
649	Can you find tweets related to Johnson & Johnson's Ethicon seeking to have the Transvaginal Mesh $1.2MM verdict overturned, as mentioned by Legal-Bay Lawsuit Settlement Funding?
650	Could you show me tweets discussing the accusation of a 91-year-old former Auschwitz worker involved in 260,000 WWII murders?
651	Can you find tweets discussing Apple's release of iOS 9.1 beta 3 to developers?
652	Can you find relevant tweets about "Asking the Most Difficult Question: Are You an Addict?"
653	Could you search for tweets discussing the opening of Men's Wearhouse at Columbia Mall, mentioned by Grand Forks Herald?
654	Can you find tweets discussing the Federal Reserve's stance on inflation and the three concepts that led to their decision against tightening?
655	Can you find relevant tweets about the Pharrell protest mentioned as "No problem"?
656	Could you show me tweets discussing how Hungarians are both helping and loathing refugees?
657	Can you show me tweets related to the discussion on whether there are new risks for police officers across the country after the recent attacks?
658	Can you find tweets about the Good Samaritans who stopped an alleged hit-and-run driver in Miami?
659	Could you show me tweets related to the US planning to have military discussions with Russia about Syria?
660	Can you help me find tweets that talk about "Fancy Cooking"?
661	Can you find relevant tweets about the announcement of the iPhone 6s and iPhone 6s Plus, the new Apple TV, and the iPad Pro?
662	Could you show me tweets discussing how undecided voters with open minds are beneficial for the country?
663	Can you find tweets about Lydia Ko's historic moment at Evian?
664	Can you find tweets related to the Senate passing a bill to increase transparency in government deals?
665	Could you show me tweets related to Rex Ryan naming four ex-Dolphins players as captains?
666	Can you find tweets discussing Camporeale's statement on crows not feeling cheated?
667	Can you find tweets related to Sarah Palin's statement that Down syndrome is no reason for abortion?
668	Could you show me tweets related to Nadal's promise to continue fighting after his surprising US Open performance?
669	Can you find tweets discussing Chelsea's alert for Pogba, the deal Manchester United has completed, and Liverpool's interest in a swap deal with AC Milan?
670	Can you find relevant tweets about the Heathrow activists taking direct action?
671	Could you show me tweets about the accident on Interstate 75 where a car hit a tree and burst into flames, leading to one person's death?
672	Can you find any tweets about Hlaudi Motsoeneng's video statement that reporting on crime motivates young people to commit crimes?
673	Can you find relevant tweets about "Farah first issue for new chief"?
674	Could you show me tweets related to Inox Wind Ltd winning a 100 MW order from OSTRO Energy?
675	Can you find tweets discussing the "Sicario Movie Review"?
676	Can you find tweets related to Djokovic's victory described as "Warrior Spirit Defeats Uprising"?
677	Could you show me tweets related to Ben Carson?
678	Can you find tweets discussing the lack of excitement around Mayweather's last fight?
679	Can you find relevant tweets about the state funeral for Thomas Kent happening tomorrow?
680	Could you show me tweets related to Trevor Noah's last rehearsal for the new 'Daily Show'?
681	Can you find tweets discussing the difficulty of seeing the supermoon and eclipse in Calgary due to the cloudy skies?
682	Can you help me find tweets about the Tempe police searching for a missing 84-year-old woman?
683	Could you show me tweets discussing China's statement that the Panchen Lama is 'living a normal life' 20 years after he vanished?
684	Can you find any tweets discussing migrants heading to Croatia to evade the Hungarian fence?
685	Can you find relevant tweets about Mars sparking interest in Antarctica?
686	Could you show me tweets related to "Four Downs" and the emergence of fantasy tight ends?
687	Can you find tweets discussing the tragedy where a migrant boat collided with a ferry off Turkey, leading to 13 fatalities?
688	Can you find relevant tweets about the "Research and Markets: Spain Crude Oil Refinery Outlook to 2020"?
689	Could you show me tweets discussing how Lewis Hamilton was under little pressure at the 2015 Italian Grand Prix despite the tyre investigation?
690	Can you find tweets discussing Tropical Storm Grace in the eastern Atlantic?
691	Can you find tweets related to the protesters and jeers at Trump's national security speech?
692	Should students have to wear school uniforms?
693	Should the death penalty be allowed?
694	Should the government allow illegal immigrants to become citizens?
695	Should animals be used for scientific or commercial testing?
696	Should euthanasia or physician-assisted suicide be legal?
697	Should any vaccines be required for children?
698	Should recreational marijuana be legal?
699	Should gay marriage be legal?
700	Should more gun control laws be enacted?
701	Should marijuana be a medical option?
702	Do violent video games contribute to youth violence?
703	Should felons who have completed their sentence be allowed to vote?
704	Is human activity primarily responsible for global climate change?
705	Do standardized tests improve education?
706	Are social networking sites good for our society?
707	Should performance-enhancing drugs be accepted in sports?
708	Should corporal punishment be used in schools?
709	Is sexual orientation determined at birth?
710	Should adults have the right to carry a concealed handgun?
711	Should net neutrality be restored?
712	Should body cameras be mandatory for police?
713	Can alternative energy effectively replace fossil fuels?
714	Is drinking milk healthy for humans?
715	Does lowering the federal corporate income tax rate create jobs?
716	Should the federal minimum wage be increased?
717	Should social security be privatized?
718	Should bottled water be banned?
719	Is a two-state solution an acceptable solution to the Israeli-Palestinian conflict?
720	Should the penny stay in circulation?
721	Should the voting age be lowered?
722	Should prescription drugs be advertised directly to consumers?
723	Is a college education worth it?
724	Should birth control pills be available over the counter?
725	Should everyone get a universal basic income?
726	Is vaping with e-cigarettes safe?
727	Should student loan debt be easier to discharge in bankruptcy?
728	Do electronic voting machines improve the voting process?
729	Is cell phone radiation safe?
730	Should insider trading be allowed?
731	Should fighting be allowed in hockey?
732	Should election day be a national holiday?
733	Should abortion be legal?
734	Should people become vegetarian?
735	Is homework beneficial?
736	Should prostitution be legal?
737	Is golf a sport?
738	Should churches remain tax-exempt?
739	Is obesity a disease?
740	Should teachers get tenure?
741	What are the features that distinguish classical guitars from flamenco guitars?
742	Who are some famous tango music composers?
743	Can you tell me about different types of bicycle sport races?
744	Who are some famous female rock singers?
745	Can you provide information about South Korean girl groups?
746	Can you tell me about the various genres within electronic music?
747	Could you explain the characteristics and history of Roman architecture?
748	What information can you provide about France's role in Normandy during the Second World War?
749	Can you tell me more about the D-Day Normandy invasion?
750	What are some key characteristics of Indian cuisine?
751	Can you provide a list of films from the surrealist category?
752	Can you explain the Theory of Relativity by Einstein?
753	What information can you provide about summer flowers?
754	Who is considered the greatest guitarist?
755	What are the names of the opposing forces in notable historical battlefields?
756	What novels have received the Hugo Award?
757	Which countries were involved in World War Two?
758	What are the characteristics of pure object-oriented programming languages?
759	What are the state capitals of the United States of America?
760	Who are the Nobel Prize in Literature winners who were also poets?
761	Who are the Formula 1 drivers that have won the Monaco Grand Prix?
762	Which novels have won the Booker Prize?
763	Who are some notable German female politicians?
764	Who are the Bond girls?
765	What are some science fiction books written in the 1980s?
766	What are the major airports in Germany?
767	Who are the chess world champions?
768	Who are some trumpet players who were also bandleaders?
769	Which cars are produced in Germany?
770	Can you list Australian nonprofit organizations?
771	What are all the companies located in Munich?
772	Can you list all Argentine films?
773	Can you provide a list of inventions that originated in America?
774	What bridges are similar in type to the Manhattan Bridge?
775	What are all the soccer clubs in Spain?
776	Can you list the companies in the advertising industry?
777	Who are all the people with the first name Jimmy?
778	What software has been developed by organizations founded in California?
779	Who are some actors born in Germany?
780	What are all the films produced by Hal Roach?
781	Can you list all the books authored by Danielle Steel?
782	What are the airports located in California, USA?
783	Who produced films starring Natalie Portman?
784	What are all the soccer clubs in the Premier League?
785	What organizations were founded in 1950?
786	What information can you provide about Harry Potter?
787	What information can you provide about San Antonio?
788	What are the major leagues in the United States?
789	What are the provinces and territories of Canada?
790	What are all the different types of schools?
